id,text,label,category,difficulty,split
1,"SYARIKAT PERNIAGAAN GIN KEE | (81109-A) | NO 290, JALAN AIR PANAS, | SETAPAK, | 53200, KUALA LUMPUR | TEL : 03-40210276 | GST ID : 000750673920 | SIMPLIFIED TAX INVOICE | CASH | DOC NO. | GOODS SOLD ARE NOT RETURNABLE, THANK YOU. | : CS00012543 | DATE: 04/01/2018 | CASHIER | 2.53 | : USER | TIME: 15:39:00 | SALESPERSON : | REF. : | ITEM | QTY | S/PRICE | AMOUNT | TAX | 2402 | 1 | 3.71 | 3.71 | SR | 25MM GI NIPPLE | 1462 | 2 | 0.64 | 1.27 | SR | SEAL TAPE | 1748 | 1 | 5.83 | 5.83 | SR | 32MM POLY SOCKET | 2247 | 1 | 33.92 | 33.92 | SR | 1"" BALL VALVE | TOTAL QTY: | 5 | 44.73 | TOTAL SALES (EXCL",company=SYARIKAT PERNIAGAAN GIN KEE; date=04/01/2018; total=44.73,receipt_extraction,unspecified,test
2,"TEO HENG STATIONERY & BOOKS | (001451637-M) | NO. 53, JALAN BESAR, 45600 BATANG BERJUNTAI | SELANGOR DARUL EHSAN | TEL : 03-3271 9872 | GST NO. : 000689913856 | SIMPLIFIED TAX INVOICE | CASH | RECEIPT NO. : CS1801/27037 | DATE : 23/01/2018 | ITEM | QTY | U/P | DISC% | AMOUNT | TP-24 | 5 | 1.32 | 0.00 | 6.60 * | - DOUBLE SIDED TISSUE TAPE 18MM | 9557546631393 | 5 | 2.08 | 0.00 | 10.38 * | - G SOFT 6ML QUICK DRY CORRECTION PEN | TOTAL QTY. : | 10 | 16.98 | SUB-TOTAL (EX) | TOTAL TAX | ROUNDING | TOTAL | CASH | CHANGE | 16.98 | 1.02 | 0.00 | 18.00 | 18.00 | 0.00 | GST SUMMARY | TAX CODE | % | AMO",company=TEO HENG STATIONERY & BOOKS; date=23/01/2018; total=18.00,receipt_extraction,unspecified,test
3,"DI HUAN YA RESTAURANT | COMPANY REG.NO: JM0681589-W | 5,JALAN PERMAS 10/5, | BANDAR BARU PERMAS JAYA, | 81750 JOHOR BAHRU,JOHOR | TEL/FAX:07-3886322 | [GST ID : 001914093568] | TAX INVOICE | TABLE | TA3 | INV NO : | 199977 | CASHIER : C001- | DATE : | 07/04/2018 - 18.10:59 | QTY | DESCRIPTION | TOTAL(RM) TAX | 1 | 106 | 33.00 SR | '#TAKE AWAY#' | ROASTED DUCK WITH CHINESE | HERB (HALF) | TOTAL SALES AMOUNT | 33.00 | GST 6% | 1.98 | ROUNDING ADJUSTMENT | 0.02 | TOTAL | 35.00 | CASH | 55.00 | CHANGE RETURNED | 20.00- | ITEM COUNT: 1 | GST SUMMARY | AMOUNT(RM) | TAX(RM) | SR = 6% | 33.00 | 1.98 |",company=DI HUAN YA RESTAURANT; date=07/04/2018; total=35.00,receipt_extraction,unspecified,test
4,"GL HANDICRAFT & TAII ORING | 19, JALAN KANCIL, | OFF JALAN PUDU, | 55100 KUALA LUMPUR | MALAYSIA | COMPANY REG NO. :75495-W | GST REG NO. :001948532736 | TAX INVOICE | INVOICE NO.: | CS 10217 | DATE : | 09/04/2018 10:52 | CASHIER #: | 01 | RM | CODE | NONA M ACRYIC YARN | 8.00 PKTS | X | 13.00 | 104.00 | SR | SUBTOTAL : | 104.00 | TOTAL EXCL. OF GST | 98.11 | TOTAL INCL. OF GST | 104.00 | TOTAL AMT ROUNDED | 104.00 | PAYMENT : | 104.00 | CHANGE DUE : | 0.00 | TOTAL ITEM(S) : 8 | GST SUMMARY | AMOUNT(RM) | TAX(RM) | SR | @ 6% | 98.11 | 5.89 | THANK YOU | PLEASE COME AGAIN",company=GL HANDICRAFT & TAII ORING; date=09/04/2018; total=104.00,receipt_extraction,unspecified,test
5,"TONYMOLY VIVA CITY | (TONYMOLY SHOP (95874)) | UNIT L1-044B, VIVACITY MEGAMALL, | JALAN WAN ALWI, | 93350 KUCHING, SARAWAK. | GST ID : 000349356032 | TAX INVOICE | TERMINAL | : 880 | SALES NO. | : 8807946 | SALES DATE | : 29/03/2018 20:19:07 | CASHIER | : THEN FIONA | CLIENT | : CASH | POINT EARNED | : 0 | WONDER CHEESE FIRMING CREAM | EAC | [SR] | FE02001600 | 1 * 69.90 | 69.90 | DISC 30.00% | -20.97 | DISCOUNT 30% | EAC | [ZR] | DIS30 | 1 * 0.00 | 0.00 | ITEM COUNT | 2 | TOTAL SALES INCL. GST | 48.93 | ROUNDING ADJUSTMENT | 0.02 | TOTAL AFTER ROUNDING | 48.95 | VISA | 48.95 | CARD NO | 46 XX",company=TONYMOLY VIVA CITY; date=29/03/2018; total=48.95,receipt_extraction,unspecified,test
6,"RESTORAN WAN SHENG | 002043319-W | NO.2, JALAN TEMENGGUNG 19/9, | SEKSYEN 9, BANDAR MAHKOTA CHERAS, | 43200 CHERAS, SELANGOR | GST REG NO: 001335787520 | TAX INVOICE | INV NO.: 1044151 | CASHIER: THANDAR | DATE | : 14-03-2018 10:22:59 | DESCRIPTION | QTY | U.PRICE | TOTAL | TAX | KOPI O (B) | 1 X | 2.10 | 2.10 | SR | TAKE AWAY | 1 X | 0.20 | 0.20 | SR | TOTAL QTY:2 | TOTAL (EXCLUDING GST): | 2.17 | GST PAYABLE (6%): | 0.13 | TOTAL (INCLUSIVE OF GST): | 2.30 | TOTAL: | 2.30 | CASH: | GST SUMMARY | AMOUNT (RM) | TAX (RM) | SR | (@ 6%) | 2.17 | 0.13 | 2.30",company=RESTORAN WAN SHENG; date=14-03-2018; total=2.30,receipt_extraction,unspecified,test
7,"CHILI ' S | CHILI'S GRILL & BAR CKLCC | T.A.S LEISURE SDN BHD (256864-P) | TEL: 03-2164 1400 | GST ID: 001042104320 | TAX RECEIPT | GST ID: 001042104320 | 4 CHILIS3 | 23 ANIS | CHK | 1080323 | GST4 | 30 DEC 17 | 18:40:57 | TBL64 / 1 | EAT IN | 1 | PINEAPPLE JUICE | 12.95 S | 1 | TOSTADA CHIPS | 16.95 S | 1 | CHP_BWL CK | 29.95 S | 1 | MARG CK | 27.95 S | SUBTOTAL | 87.80 | 10% SRV CHG | 8.78 | GST @6% | 5.81 | TOTAL: | 102.39 | 0.01 | TOTAL | 102.40 | YOUR OPINION MATTERS | WE INVITE YOU TO COMPLETE OUR | GUEST EXPERIENCE SURVEY | YOU COULD WIN RM500 CASH OR | CHILI'S VOUCHER FOR RM1,000 | A W",company=T.A.S LEISURE SDN BHD; date=30 DEC 17; total=102.40,receipt_extraction,unspecified,test
8,"RESTORAN WAN SHENG | 002043319-W | NO.2, JALAN TEMENGGUNG 19/9, | SEKSYEN 9, BANDAR MAHKOTA CHERAS, | 43200 CHERAS, SELANGOR | GST REG NO: 001335787520 | TAX INVOICE | INV NO.: 1199976 | CASHIER: NICOLE | DATE | : 18-06-2018 16:15:47 | DESCRIPTION | QTY | U.PRICE | TOTAL | TAX | TEH (B) | 1 X | 2.10 | 2.10 | ZRL | CHAM (B) | 1 X | 2.10 | 2.10 | ZRL | SOYA BEAN | 1 X | 1.70 | 1.70 | ZRL | TAKE AWAY | 3 X | 0.20 | 0.60 | ZRL | TOTAL QTY: 6 | TOTAL (EXCLUDING GST): | 6.50 | TOTAL (INCLUSIVE OF GST): | 6.50 | TOTAL : | 6.50 | CASH : | 6.50 | GST SUMMARY | AMOUNT(RM) | TAX(RM) | ZRL | (@ 0%) | 6.50",company=RESTORAN WAN SHENG; date=18-06-2018; total=6.50,receipt_extraction,unspecified,test
9,"FY EAGLE ENTERPRISE | 002065464-X | NO. 42, JALAN PBS 14/11, | TAMAN PERINDUSTRIAN BUKIT SERDANG, | 43300 SERI KEMBANGAN, | SELANGOR | TEL: 03-89433143 FAX: 03-89433143 | GST NO: 001663156224 | TAX INVOICE | RECEIPT #: CS00031180 DATE: 04/12/2017 | SALESPERSON: | TIME: 15:14:00 | CASHIER: USER | ITEM | QTY | U/P | AMOUNT | (RM) | (RM) | 12089 | 2 | 3.50 | 7.00 | SR: TAPE OPP 48MMX80Y CLEAR(B.PY)-ECS | TOTAL QUANTUTY | 2 | SUB-TOTAL | 6.60 | DISC | 0.00 | GST | 0.40 | ROUNDING | 0.00 | TOTAL | 7.00 | CASH | 7.00 | CHANGE | 0.0 | GST SUMMARY | CODE | AMOUNT | % | TAX/AMT | SR | 6.60 | 6 | 0.40 |",company=FY EAGLE ENTERPRISE; date=04/12/2017; total=7.00,receipt_extraction,unspecified,test
10,"KEDAI PAPAN YEW CHUAN | (0005583085-K) | LOT 276 JALAN BANTING | 43800 DENGKIL, SELANGOR. | TEL : 03-87686092 | FAX : 03-87686092 | GST ID : 000781500416 | TAX INVOICE | BILL TO : | SUCI ALAM JAYA TRANSPORT | NO 1 JALAN AMAN 2 | TAMAN DESA 43800 | DENGKIL SELANGOR | 017-6057770 | DOC NO. | : | CS00013125 | DATE: 26/05/2018 | CASHIER | : | USER | TIME: 11:22:00 | SALESPERSON | : | REF.: | ITEM | QTY | S/PRICE | (GST) | (GST) | S/PRICE | AMOUNT | TAX | 100588 | SILING PRIMP 1X9 (B) | 5 | 23.00 | 24.38 | 121.90 | SR | TOTAL QTY: | 5 | 121.90 | TOTAL SALES (EXCLUDING GST) | : | 115.00 | DISCOUNT |",company=KEDAI PAPAN YEW CHUAN; date=26/05/2018; total=121.90,receipt_extraction,unspecified,test
11,"UNIHAKKA INTERNATIONAL SDN BHD | 09 MAY 2018 18:24 | (867388-U) | 12, JALAN TAMPOI 7/4,KAWASAN PERINDUSTRIAN | TAMPOI,81200 JOHOR BAHRU,JOHOR | TAX INVOICE | INVOICE # : OR18050902160378 | ITEM | SR I00100000061- 5 VEGE | $6.60 | TOTAL AMOUNT: $6.60 | GST @6%: $0.37 | NETT TOTAL: $6.60 | PAYMENT MODE | CASH | CHANGE | GST SUMMARY | SR = GST @6% | GST REG #000656195584 | BAR WANG RICE@PERMAS JAYA | (PRICE INCLUSIVE OF GST) | THANK YOU & COME AGAIN! | LIKE AND FOLLOW US ON FACEBOOK! | FACEBOOK.COM/BARWANGRICE | QTY | TOTAL | 1 | $6.60 | $6.60 | $0.00 | AMOUNT($) | TAX($) | 6.23 | 0.37",company=UNIHAKKA INTERNATIONAL SDN BHD; date=09 MAY 2018; total=$6.60,receipt_extraction,unspecified,test
12,"UNIHAKKA INTERNATIONAL SDN BHD | 03 MAR 2018 18:22 | (867388-U) | 12, JALAN TAMPOI 7/4,KAWASAN PERINDUSTRIAN | TAMPOI,81200 JOHOR BAHRU,JOHOR | TAX INVOICE | INVOICE # : OR18030302170430 | ITEM | QTY | TOTAL | SR 100100000035- 1 MEAT + 3 VEGE | $7.10 | 1 | $7.10 | SR 100100000015- VEGETABLE | $1.10 | 1 | $1.10 | TOTAL AMOUNT: $8.20 | GST @6%: $0.46 | NETT TOTAL: $8.20 | PAYMENT MODE | AMOUNT | CASH | $8.20 | CHANGE | $0.00 | GST SUMMARY | AMOUNT($) | TAX($) | SR = GST @6% | 7.74 | 0.46 | GST REG #000656195584 | BAR WANG RICE@PERMAS JAYA | (PRICE INCLUSIVE OF GST) | THANK YOU & COME AGAIN! | LI",company=UNIHAKKA INTERNATIONAL SDN BHD; date=03 MAR 2018; total=$8.20,receipt_extraction,unspecified,test
13,"UNIHAKKA INTERNATIONAL SDN BHD | 05 MAR 2018 18:24 | (867388-U) | 12, JALAN TAMPOI 7/4,KAWASAN PERINDUSTRIAN | TAMPOI,81200 JOHOR BAHRU,JOHOR | TAX INVOICE | INVOICE # : OR18030502160349 | ITEM | QTY | TOTAL | SR 100100000060- 4 VEGE | $5.50 | $5.50 | SR 100100000006- PORK | $2.70 | 1 | $2.70 | TOTAL AMOUNT: $8.20 | GST @6%: $0.46 | NETT TOTAL: $8.20 | PAYMENT MODE | AMOUNT | CASH | $8.20 | CHANGE | $0.00 | GST SUMMARY | AMOUNT($) | TAX($) | SR = GST @6% | 7.74 | 0.46 | GST REG #000656195584 | BAR WANG RICE@PERMAS JAYA | (PRICE INCLUSIVE OF GST) | THANK YOU & COME AGAIN! | LIKE AND FOLLOW US O",company=UNIHAKKA INTERNATIONAL SDN BHD; date=05 MAR 2018; total=$8.20,receipt_extraction,unspecified,test
14,"POPULAR BOOK | CP. (M) SDN BHD | (COMPANY NO. 113825-W) | (GST REG NO. 001492992000) | NO 8, JALAN 7/118B, DESA TUN RAZAK | 56000 KUALA LUMPUR, MALAYSIA | KL FESTIVAL CITY MALL | TEL: 03-41424540/20 | 07/01/18 14:41 | SLIP NO,: 7010385084 | NORHASMIDA | TRANS: 364810 | DESCRIPTION | AMOUNT | 70G P.COPY 450'S | 3PC @ 13.69 | 41.07 T | STAT-GREAT SAVING | -9.60 | TOTAL RM INCL. OF GST | 31.47 | ROUNDING ADJ | -0.02 | TOTAL RM | 31.45 | CASH | -50.00 | CHANGE | 18.55 | ITEM COUNT | GST | MARY AMOUNT (RM) | TAX (RM) | 3 | T @ 6% | 29.69 | 1.78 | TOTAL SAVINGS | -9.60 | BE A POPULAR CARD MEMBER | A",company=POPULAR BOOK CO. (M) SDN BHD; date=07/01/18; total=31.45,receipt_extraction,unspecified,test
15,"POPULAR BOOK | CO. (M) SDN BHD | (CO. NO. 113825-W) | (GST REG NO. 001492992000) | NO 8, JALAN 7/118B, DESA TUN RAZAK | 56000 KUALA LUMPUR, MALAYSIA | EMPIRE SHOPPING GALLERY | TEL : 03-56319320 | 05/03/18 15:02 | LI FONG | SLIP NO. : 1010104759 | TRANS : 104610 | MEMBER CARD NO : 1001016668849 | CARD EXPIRY : 31/05/18 | DESCRIPTION | AMOUNT | SC ACR FRAME S103M | 2PC @ 5.50 | MEMBER DISCOUNT | 11.00 T | -1.10 | TOTAL RM INCL. OF GST | CASH | CHANGE | 9.90 | -20.00 | 10.10 | ITEM COUNT | GST SUMMARY | T @ 6% | AMOUNT (RM) | 2 | TAX (RM) | 9.34 | 0.56 | TOTAL SAVINGS | -1.10 | BE A POPULAR CARD",company=POPULAR BOOK CO. (M) SDN BHD; date=05/03/18; total=9.90,receipt_extraction,unspecified,test
16,"OLIVE9 PHARMACY SDN BHD | 1030214K | GST/TAX NO: 000988880896 | 69 JALAN NOVA U5/N, SEKSYEN U5 SUBANG BE | TEL: 03-77347762 FAX: 03-78327762 | GST NO: 000988880896 | TAX INVOICE | B/L POINTS : 0 | RECEIPT #: CS00168420 DATE: 31/03/2017 | ITEM | QTY | U/P DISC% | AMOUNT | 9555060603117 | 1 | 4.90 | 0.00 | 4.90 | S | SR: (S | HURIXS | 9555060603152 | 1 | 6.60 | 0.00 | 6.60 | S | SR:HU | HURIXS | TOTAL QUANTITY | 2 | SUB-TOTAL (GST) | 12.19 | DISC | 0.00 | GST | 0.69 | SVC CHG | 0.00 | ROUNDING | -0.04 | TOTAL | 12.15 | CASH | 50.15 | CHANGE | 38.00 | GST SUMMARY | CODE | AMOUNT | % | TAX/AMT | S",company=OLIVE9 PHARMACY SDN BHD; date=31/03/2017; total=12.15,receipt_extraction,unspecified,test
17,"TQ FOR SHOPPING WITH MYNEWS.COM | PUSAT DAGANGAN PHILEO DAMANSARA | UNIT 105, BLOCK A,PUSAT DAGANGAN PHILEO DAMANSARA, | NO.9, JALAN 16/11,,46350,PETALING JAYA,SELANGOR | MYNEWSCARELINE : 1800 88 1231 | MYNEWSCARELINE@MYNEWS.COM.MY | MYNEWS RETAIL SB(306295-X) FKA BISON STORES SB | TAX REG ID CBP 000709361664 | QTY | PRICE | DISC | AMT | GP GREENCELL EXTRA HEAVY DUTY AAA 4+2 | 1 | 6.00 | 0.00 | 6.00 | SR | SUB TOTAL | 6.00 | GRAND TOTAL | 6.00 | CASH 50.00 MYR | 50.00 | CHANGE DUE | 44.00 | TOTAL QTY | 1 | SR | GOODS : | 6.00 | TAX : | 0.00 | 28/06/2018 3:11:35 PM | BILL 1856 - 608 - 9161 - 28",company=MYNEWS RETAIL SB; date=28/06/2018; total=6.00,receipt_extraction,unspecified,test
18,"PASAR RAYA MEGA MAJU | (SEMENYIH) SDN BHD | (767840-W) | NO 24, 25 & 26, | JALAN PUSAT PERNIAGAAN BUNGA RAYA 4, | PUSAT PERNIAGAAN BUNGA RAYA, | TEL: | FAX: | GST REG NO: 000746659840 | INVOICE NO | : 01-283886 | DATE | : 03/07/2018 5:22:43 PM | CASHIER | : SITI | TAX INVOICE | DESCRIPTION | QTY | PRICE | AMOUNT | 1 | 2 | SRO 9555544201075 | PRO BALANCE 400GM - BEFF | SR0 9555544201198 | PRO BALANCE LAMB 400GM | 4 | 3 | 4.35 | 4.35 | 17.40 | 13.05 | TOTAL: | 30.45 | DISCOUNT: | 0.00 | TOTAL SALES INCLUSIVE GST @0.00%: | 30.45 | CASH RECEIVED : | 30.50 | CHANGE : | 0.05 | GST SUMMARY | % | AMOU",company=PASAR RAYA MEGA MAJU (SEMENYIH) SDN BHD; date=03/07/2018; total=30.45,receipt_extraction,unspecified,test
19,"MR. D.I.Y. (M) SDN BHD | (CO REG :860671-D) | LOT 1851-A & 1851-B, JALAN KPB 6, | KAWASAN PERINDUSTRIAN BALAKONG, | 43300 SERI KEMBANGAN, SELANGOR | (GST ID NO :000306020352) | (TESCO MUTIARA DAMANSARA) | TAX INVOICE | SOURING PAD 1018-4 4S | *S | WA03 - 24/240 | 9555221301081 | 4 X | EXCHANGE ARE ALLOWED WITHIN | 2.80 | 11.20 | SCISSOR G/FISH | *S | AD51 - 24/360 | 9064422 | 2 X | OPERATOR TMDC - SAH BIJAY KUMAR | 1.50 | 3.00 | TRAILING SKT 5GN+SP 3X1.25MM CABLE 2 | *S | WA27 - 20 | 9553114461966 | 1 X 22.90 | STRICTLY NO CASH REFUND . | 7 DAYS WITH RECEIPT . | 22.90 | ITEM(S) : 3 | QTY(S) : ",company=MR. D.I.Y. (M) SDN BHD; date=14-03-18; total=37.10,receipt_extraction,unspecified,test
20,"99 SPEED MART S/B (519537-X) | LOT P.T. 2811, JALAN ANGSA, | TAMAN BERKELEY | 41150 KLANG, SELANGOR | 1237-TMN INDAH PERDANA | GST ID. NO : 000181747712 | INVOICE NO : 18385/103/T0148 | 05:03PM | 570668 | 02-05-18 | 8402 MAM PRAI GULA PASIR 1K | RM23.60 Z | @8 X RM 2.95 | TOTAL SALES (INCLUSIVE GST) RM | 23.60 | CASH RM | 24.00 | CHANGE RM | .40 | GST SUMMARY | AMOUNT(RM) | TAX(RM) | Z = 0% | 23.60 | .00 | THANK YOU. PLEASE COME AGAIN | KEEP THE INVOICE FOR APPLICABLE RETURNS",company=99 SPEED MART S/B; date=02-05-18; total=23.60,receipt_extraction,unspecified,test
21,"MR. D.I.Y. (M) SDN BHD | (CO. REG :860671-D) | LOT 1851-A & 1851-B, JALAN KPB 6, | KAWASAN PERINDUSTRIAN BALAKONG, | 43300 SERI KEMBANGAN, SELANGOR | (GST ID NO :000306020352) | (IOI PUCHONG) | -TAX INVOICE- | PILLAR SINK TAP 87601 | *S | 0Z05 - 5/60 | 9074624 | 1 X 19.90 | 19.90 | NASCO SEAL TAPE NST | *S | WA33 - 100/1000 | 9180501 | 1 X 0.80 | 0.80 | S/S COLANDER RH-008# 24.5CM | *S | AD41/2 - 5/100 | 9067474 | 1 X 7.30 | 7.30 | ITEM(S) : 3 | QTY(S) : 3 | TOTAL INCL. GST@6% | RM 28.00 | CASH | RM 40.00 | CHANGE | RM 12.00 | GST @6% INCLUDED IN TOTAL | RM 1.58 | 26-03-18 15:25 SHO1 ZJ86 | T1",company=MR. D.I.Y. (M) SDN BHD; date=26-03-18; total=28.00,receipt_extraction,unspecified,test
22,"UNIHAKKA INTERNATIONAL SDN BHD | 14 MAY 2018 18:10 | (867388-U) | 12, JALAN TAMPOI 7/4,KAWASAN PERINDUSTRIAN | TAMPOI,81200 JOHOR BAHRU,JOHOR | TAX INVOICE | INVOICE # : OR18051402170467 | ITEM | SR I00100000035- 1 MEAT + 3 VEGE | $7.10 | SR I00100000065-ADD MEATS | $0.90 | TOTAL AMOUNT: $8.90 | GST @6%: $0.50 | NETT TOTAL: $8.90 | PAYMENT MODE | CASH | CHANGE | GST SUMMARY | SR = GST @6% | GST REG #000656195584 | BAR WANG RICE@PERMAS JAYA | (PRICE INCLUSIVE OF GST) | THANK YOU & COME AGAIN! | LIKE AND FOLLOW US ON FACEBOOK! | FACEBOOK COM/BARWANGRICE | QTY | TOTAL | 1 | $7.10 | 2 | $1.80 | AM",company=UNIHAKKA INTERNATIONAL SDN BHD; date=14 MAY 2018; total=$8.90,receipt_extraction,unspecified,test
23,"RELAIS TOTAL OULMES | AUTOROUTE RABAT MEKNES | 15000 KHEMISSET | TEL. : 05.22.95.66.66 | LE 30/03/2018 A 12:36 V201855892CAISSIER 1, C | DESIGNATION | P.U. | QTE | TOTAL | CAFE CREME | 12.00 | 2 | 24.00 | CAFE EXPRESSO | 10.00 | 2 | 20.00 | CHOCOLAT CHAUD | 12.00 | 1 | 12.00 | TOTAL FACTURE : 56.00 DH | REGLE PAR ESPECE | 56.00 DH | ****MERCI DE VOTRE VISITE**** | PAT:37993027/RC:209031/IF:40132774 | ICE:000081241000051",company=RELAIS TOTAL OULMES; date=30/03/2018; total=56.00,receipt_extraction,unspecified,test
24,"UNIHAKKA INTERNATIONAL SDN BHD | 13 MAY 2018 18:26 | (867388-U) | 12, JALAN TAMPOI 7/4,KAWASAN PERINDUSTRIAN | TAMPOI,81200 JOHOR BAHRU,JOHOR | TAXINVOICE | INVOICE # : OR18051302170332 | ITEM | QTY | TOTAL | SR I00100000037- 1 FISH + 3 VEGE | $8.10 | 1 | $8.10 | SR I00100000064-ADD VEGETABLE | $0.60 | 1 | $0.60 | TOTAL AMOUNT: $8.70 | GST @6%: $0.49 | NETT TOTAL: $8.70 | PAYMENT MODE | AMOUNT | CASH | $8.70 | CHANGE | $0.00 | GST SUMMARY | AMOUNT($) | TAX($) | SR = GST @6% | 8.21 | 0.49 | GST REG #000656195584 | BAR WANG RICE@PERMAS JAYA | (PRICE INCLUSIVE OF GST) | THANK YOU & COME AGAIN! | ",company=UNIHAKKA INTERNATIONAL SDN BHD; date=13 MAY 2018; total=$8.70,receipt_extraction,unspecified,test
25,"KEDAI PAPAN YEW CHUAN | (0005583085-K) | LOT 276 JALAN BANTING | 43800 DENGKIL, SELANGOR. | TEL : 03-87686092 | FAX : 03-87686092 | GST ID : 000781500416 | TAX INVOICE | BILL TO : | SUCI ALAM JAYA TRANSPORT | NO 1 JALAN AMAN 2 | TAMAN DESA 43800 | DENGKIL SELANGOR | 017-6057770 | DOC NO. | : | CS00011904 | DATE: 17/04/2018 | CASHIER | : | USER | TIME: 10:50:00 | SALESPERSON | : | REF.: | ITEM | QTY | S/PRICE | (GST) | (GST) | S/PRICE | AMOUNT | TAX | 101756 | SIMEN | 10 | 16.50 | 17.49 | 174.90 | SR | 100160 | KAPUR AIR (A1) | 5 | 3.00 | 3.18 | 15.90 | SR | TOTAL QTY: | 15 | 190.80 | TOTAL SAL",company=KEDAI PAPAN YEW CHUAN; date=17/04/2018; total=190.80,receipt_extraction,unspecified,test
26,"UNIHAKKA INTERNATIONAL SDN BHD | 03 APR 2018 18:33 | (867388-U) | 12, JALAN TAMPOI 7/4,KAWASAN PERINDUSTRIAN | TAMPOI,81200 JOHOR BAHRU,JOHOR | TAXINVOICE | INVOICE # : OR18040302160397 | ITEM | QTY | TOTAL | SR I00100000035- 1 MEAT + 3 VEGE | $7.10 | 1 | $7.10 | TOTAL AMOUNT: $7.10 | GST @6%: $0.40 | NETT TOTAL: $7.10 | PAYMENT MODE | AMOUNT | CASH | $7.10 | CHANGE | $0.00 | GST SUMMARY | AMOUNT($) | TAX($) | SR = GST @6% | 6.70 | 0.40 | GST REG #000656195584 | BAR WANG RICE@PERMAS JAYA | (PRICE INCLUSIVE OF GST) | THANK YOU & COME AGAIN! | LIKE AND FOLLOW US ON FACEBOOK! | FACEBOOK.COM/BARWA",company=UNIHAKKA INTERNATIONAL SDN BHD; date=03 APR 2018; total=$7.10,receipt_extraction,unspecified,test
27,"TAN CHAY YEE | SOON HUAT MACHINERY ENTERPRISE | (JM0352019-K) | NO.53 JALAN PUTRA 1, | TAMAN SRIPUTRA, | 81200 JOHOR BAHRU | JOHOR | TEL : 07-5547360 / 016-7993391 | FAX : 07-5624059 | SOONHUAT2000@HOTMAIL.COM | GST ID : 002116837376 | CASH SALES | DOC NO. | : CS00004040 | DATE: 11/01/2019 | CASHIER | : USER | TIME: 09:44:00 | SALESPERSON : | REF.: | GOODS SOLD ARE NOT RETURNABLE, THANK YOU. | ITEM | QTY | S/PRICE | S/PRICE | AMOUNT | TAX | 1072 | 1 | 80.00 | 80.00 | 80.00 | REPAIR ENGINE POWER SPRAYER (1UNIT) | WORKMANSHIP & SERVICE | 70549 | 1 | 160.00 | 160.00 | 160.00 | GIANT 606 OVERFLOW ",company=SOON HUAT MACHINERY ENTERPRISE; date=11/01/2019; total=327.00,receipt_extraction,unspecified,test
28,"99 SPEED MART S/B (519537-X) | LOT P. T. 2811, JALAN ANGSA, | TAMAN BERKELEY | 41150 KLANG, SELANGOR | 1362-JLN DEVELOPMENT | GST ID. NO : 000181747712 | INVOICE NO : 18311/102/T0395 | 07:44PM | 566890 | 17-02-18 | 489 TIGER BEER CAN 4*6*320M | RM108.50 | S | TOTAL SALES (INCLUSIVE GST) | CASH | CHANGE | RM | RM | RM | 108.50 | 150.00 | 41.50 | GST SUMMARY | S = 6% | AMOUNT (RM) | 102.36 | TAX(RM) | 6.14 | THANK YOU. PLEASE COME AGAIN | KEEP THE INVOICE FOR APPLICABLE RETURNS",company=99 SPEED MART S/B; date=17-02-18; total=108.50,receipt_extraction,unspecified,test
29,"GARDENIA BAKERIES (KL) SDN BHD (139386 X) | LOT 3, JALAN PELABUR 23/1, | 40300 SHAH ALAM, SELANGOR. | TEL: 03- 55423228 | GST ID: 000381399040 | TAX INVOICE / ADJUSTMENT NOTE | CASH INV NO.: 7928F713 | VE0514 | DATE: 28/09/2017 | MAKASSAR FRESH MARKET SDN BHD | GROUND FLOOR, NO. 4 & 6, | JALAN SS 15/4B, | 47500 SUBANG JAYA, SELANGOR | VE05: RIDZUAN (11900) | DD: 28/09/2017 | 11:28 | DESCRIPTION | U.P | D | AMT(RM) | O.C. WHITE | 2.13 | 4 | 2 | 0 | 2 | 4.26 | WHOLEMEAL | 2.78 | 4 | 0 | 0 | 4 | 11.12 | O.C JUMBO | 2.97 | 5 | 0 | 0 | 5 | 14.85 | TOTAL 0% SUPPLIES: | 30.23 | BUN-SBILIS | 0.84 | 20",company=GARDENIA BAKERIES (KL) SDN BHD; date=28/09/2017; total=48.04,receipt_extraction,unspecified,test
30,"FUN N CHEER (MALURI) | LOT 37636 , JALAN 6/37A , | TAMAN BUKIT MALURI , | 52100 KUALA LUMPUR | TEL : 03-62612536 | TAX INVOICE | (GST ID NO . : 001439154176) | 05/01/2018 | CASHIER : CS01 | 11 : 44 : 44 | S/P : MAL | NO : 0200419363 | ITEM/DESC . | QTY | PRICE | AMT . | KAIN BEBOLA (S) SHA BU | 0412638 | 2 | TOTAL QTY | 2 | 14.90 | SR | 29.80 | TOTAL EXCL,GST | ADD : GST @ 6% ON | 28.11 | 1.69 | CASH | CHANGE | 29.80 | 50.00 | 20.20 | GST SUMMARY | AMOUNT RM | TAX RM | SR = 6% | 28.11 | 1.69 | 0.00 | 0.00 | GOODS SOLD ARE NOT RETURNABLE ! | THANK YOU ! PLEASE COME AGAIN !",company=FUN N CHEER (MALURI); date=05/01/2018; total=29.80,receipt_extraction,unspecified,test
